City_Year,Avg_Temp
Bangalore_2018,23.98
Bangalore_2019,23.94
Bangalore_2020,23.95
Bangalore_2021,23.92
Bangalore_2022,23.94
Bangalore_2023,23.81
Bangalore_2024,23.94
Bangalore_2025,23.85
Bangalore_2026,24.7
Chennai_2018,30.03
Chennai_2019,29.92
Chennai_2020,29.95
Chennai_2021,29.85
Chennai_2022,30.01
Chennai_2023,29.95
Chennai_2024,29.8
Chennai_2025,29.99
Chennai_2026,30.62
Delhi_2018,24.91
Delhi_2019,24.93
Delhi_2020,24.84
Delhi_2021,24.79
Delhi_2022,24.83
Delhi_2023,24.76
Delhi_2024,24.68
Delhi_2025,24.97
Delhi_2026,26.28
Hyderabad_2018,28.06
Hyderabad_2019,27.86
Hyderabad_2020,27.95
Hyderabad_2021,27.78
Hyderabad_2022,27.8
Hyderabad_2023,27.88
Hyderabad_2024,27.92
Hyderabad_2025,27.86
Hyderabad_2026,28.61
Kolkata_2018,27.83
Kolkata_2019,27.79
Kolkata_2020,27.86
Kolkata_2021,27.91
Kolkata_2022,27.83
Kolkata_2023,27.92
Kolkata_2024,27.88
Kolkata_2025,27.96
Kolkata_2026,28.78
Mumbai_2018,29.98
Mumbai_2019,29.96
Mumbai_2020,29.85
Mumbai_2021,30.03
Mumbai_2022,29.93
Mumbai_2023,29.88
Mumbai_2024,29.85
Mumbai_2025,29.87
Mumbai_2026,30.55
