City,Month,Rainfall_mm
Bangalore,1,57.2
Bangalore,2,61.5
Bangalore,3,58.6
Bangalore,4,61.3
Bangalore,5,67.1
Bangalore,6,7075.2
Bangalore,7,7175.9
Bangalore,8,7058.5
Bangalore,9,7309.7
Bangalore,10,700.7
Bangalore,11,672.1
Bangalore,12,65.7
Chennai,1,57.9
Chennai,2,50.0
Chennai,3,64.3
Chennai,4,62.2
Chennai,5,68.4
Chennai,6,7705.3
Chennai,7,7641.1
Chennai,8,8131.3
Chennai,9,7645.1
Chennai,10,705.8
Chennai,11,752.5
Chennai,12,56.9
Delhi,1,62.5
Delhi,2,60.5
Delhi,3,70.0
Delhi,4,55.5
Delhi,5,75.6
Delhi,6,5866.0
Delhi,7,6408.2
Delhi,8,6046.6
Delhi,9,5273.1
Delhi,10,776.3
Delhi,11,796.3
Delhi,12,55.6
Hyderabad,1,47.6
Hyderabad,2,52.6
Hyderabad,3,58.0
Hyderabad,4,65.7
Hyderabad,5,56.6
Hyderabad,6,5881.599999999999
Hyderabad,7,6465.2
Hyderabad,8,6814.7
Hyderabad,9,6213.9
Hyderabad,10,742.5
Hyderabad,11,711.5
Hyderabad,12,47.3
Kolkata,1,67.8
Kolkata,2,18.1
Kolkata,3,61.4
Kolkata,4,52.3
Kolkata,5,51.1
Kolkata,6,7896.2
Kolkata,7,7930.6
Kolkata,8,8539.3
Kolkata,9,8575.9
Kolkata,10,770.7
Kolkata,11,733.3
Kolkata,12,64.0
Mumbai,1,51.1
Mumbai,2,80.2
Mumbai,3,52.7
Mumbai,4,70.9
Mumbai,5,64.2
Mumbai,6,8683.1
Mumbai,7,8788.4
Mumbai,8,8889.1
Mumbai,9,8479.4
Mumbai,10,844.3
Mumbai,11,725.9
Mumbai,12,57.8
